BEGIN TRANSACTION;
CREATE TABLE IF NOT EXISTS "Center" (
	"ID"	INTEGER NOT NULL PRIMARY KEY AUTOINCREMENT,
	"Name"	TEXT NOT NULL UNIQUE
);
CREATE TABLE IF NOT EXISTS "SessionTopic" (
	"SessionID"	INTEGER NOT NULL,
	"TopicID"	INTEGER NOT NULL,
	PRIMARY KEY("SessionID","TopicID"),
	FOREIGN KEY("SessionID") REFERENCES "Session"("ID"),
	FOREIGN KEY("TopicID") REFERENCES "Topic"("ID")
);
CREATE TABLE IF NOT EXISTS "TutorCampus" (
	"TutorID"	INTEGER NOT NULL,
	"CampusID"	INTEGER NOT NULL,
	PRIMARY KEY("TutorID","CampusID"),
	FOREIGN KEY("TutorID") REFERENCES "Tutor"("ID"),
	FOREIGN KEY("CampusID") REFERENCES "Campus"("ID")
);
CREATE TABLE IF NOT EXISTS "Topic" (
	"ID"	INTEGER NOT NULL PRIMARY KEY AUTOINCREMENT,
	"Description"	TEXT NOT NULL UNIQUE
);
CREATE TABLE IF NOT EXISTS "Session" (
	"ID"	INTEGER NOT NULL PRIMARY KEY AUTOINCREMENT,
	"Timestamp"	TEXT NOT NULL,
	"StudentID"	TEXT NOT NULL,
	"CourseID"	INTEGER NOT NULL,
	"CampusID"	INTEGER NOT NULL,
	"CenterID"	INTEGER NOT NULL,
	"TutorID"	INTEGER NOT NULL,
	"TopicID"	INTEGER NOT NULL,
	"Notes"	TEXT,
	"IsWorkshop"	INTEGER NOT NULL DEFAULT 0,
	FOREIGN KEY("StudentID") REFERENCES "Student"("StudentID"),
	FOREIGN KEY("CourseID") REFERENCES "Course"("ID"),
	FOREIGN KEY("CampusID") REFERENCES "Campus"("ID"),
	FOREIGN KEY("CenterID") REFERENCES "Center"("ID"),
	FOREIGN KEY("TutorID") REFERENCES "Tutor"("ID")
);
CREATE TABLE IF NOT EXISTS "Tutor" (
	"ID"	INTEGER NOT NULL PRIMARY KEY AUTOINCREMENT,
	"FName"	TEXT NOT NULL,
	"LName"	TEXT NOT NULL
);
CREATE TABLE IF NOT EXISTS "Campus" (
	"ID"	INTEGER NOT NULL PRIMARY KEY AUTOINCREMENT,
	"Name"	TEXT NOT NULL UNIQUE
);
CREATE TABLE IF NOT EXISTS "Course" (
	"ID"	INTEGER NOT NULL PRIMARY KEY AUTOINCREMENT UNIQUE,
	"Code"	TEXT NOT NULL UNIQUE
);
CREATE TABLE IF NOT EXISTS "Student" (
	"StudentID"	TEXT NOT NULL UNIQUE,
	"FName"	TEXT NOT NULL,
	"LName"	TEXT NOT NULL,
	PRIMARY KEY("StudentID")
);
INSERT INTO "Center" ("ID","Name") VALUES (1,'Computer Center'),
 (2,'Writing Center'),
 (3,'Math Center');
INSERT INTO "TutorCampus" ("TutorID","CampusID") VALUES (1,1),
 (2,1),
 (3,1),
 (1,2),
 (1,3);
INSERT INTO "Tutor" ("ID","FName","LName") VALUES (1,'Conrad','Lewin'),
 (2,'James','Strickland'),
 (3,'Aaron','Donaldson');
INSERT INTO "Campus" ("ID","Name") VALUES (1,'RTP Campus'),
 (2,'North Campus'),
 (3,'South Campus');
CREATE INDEX IF NOT EXISTS "SessionIndex" ON "Session" (
	"Timestamp"	DESC
);
COMMIT;
